{"0": [0.4658457160946796, 0.0931876861303893], "1": [0.9161162581440491, 0.5404226174306002], "2": [0.8834449820407962, 0.650701647718458], "3": [0.6366991434894324, 0.600960869924901], "4": [0.4291520077844331, 0.997492052577588], "5": [0.7174683355591313, 0.70670033164956], "6": [0.04479204228858247, 0.7696547416893457], "7": [0.8598949628881845, 0.7761167386081221], "8": [0.5987513696372889, 0.6845870367940106], "9": [0.00011409450719468417, 0.6154967070504438], "10": [0.638899487360596, 0.5054073236603434], "11": [0.8114746629590186, 0.048689651190048644], "12": [0.9685431913769481, 0.8473014466525027], "13": [0.18125706525763252, 0.7011644857518516], "14": [0.8451306715708801, 0.03043676957077357], "15": [0.3895905151396133, 0.03946641617785607], "16": [0.2292404032968609, 0.3722059481464097], "17": [0.9900830065342343, 0.8955254895817056], "18": [0.1608331863635708, 0.19084986567653306], "19": [0.9777753694311343, 0.17117467092742655], "20": [0.16947397632594174, 0.24428805870975012], "21": [0.9810502633270322, 0.46878704802381477], "22": [0.7815069555084457, 0.8738335592287185], "23": [0.6312371933885308, 0.36489873340689605], "24": [0.9259290822925662, 0.46785069201479357], "25": [0.5142960409956706, 0.3331647785411035], "26": [0.6630370360159149, 0.4378846518694657], "27": [0.006769343236822989, 0.5007200808039967], "28": [0.2633076238909794, 0.6057789009081372], "29": [0.0560654454775108, 0.81590755787951], "30": [0.8607875015241772, 0.980016956271424], "31": [0.3107277896293986, 0.7611959600066002], "32": [0.9828606709289441, 0.4607327296699889], "33": [0.48825342416176787, 0.1814436664101794], "34": [0.534055201079039, 0.08407684717369257], "35": [0.4280284355443601, 0.5705384143402907], "36": [0.5359351878865376, 0.6547052089760157], "37": [0.4605133603950108, 0.19659281541700324], "38": [0.8575647168963636, 0.30296481289969834], "39": [0.06909992002337761, 0.5775063204011065], "40": [0.8453464265755735, 0.309418278066272], "41": [0.7795614755017101, 0.31322516484521934], "42": [0.6583042004308091, 0.6698610596767518], "43": [0.9025801225309159, 0.05470123961711326], "44": [0.49520146339375004, 0.79733685331855], "45": [0.5002167777816877, 0.7254953061374647], "46": [0.8711986949509936, 0.8844395990284576], "47": [0.6379642526693139, 0.8269387866657333], "48": [0.4502034516444685, 0.17858242059476281], "49": [0.4720355818116556, 0.6304873194379693], "50": [0.6612290139937123, 0.48427033300794353], "51": [0.23479698913224134, 0.12380510166238012], "52": [0.8105734789011014, 0.02306890070791645], "53": [0.2621537930962249, 0.15073252570172724], "54": [0.559554490786187, 0.28924732580194945], "55": [0.49426824050586327, 0.952805643861969], "56": [0.5842724909972044, 0.5342903470777716], "57": [0.9855225328422024, 0.8171769418459437], "58": [0.004201293443265697, 0.9604750319833981], "59": [0.2808122533680424, 0.8324189297155308], "60": [0.9421597762097931, 0.5395881075242849], "61": [0.21606766264076804, 0.06200627663191016], "62": [0.23337234850421684, 0.17215855098420374], "63": [0.2155765175566572, 0.7846124705014591], "64": [0.30728642843111265, 0.907834674457177], "65": [0.5698865454695707, 0.8601127515964417], "66": [0.3545039790174017, 0.5681072226663698], "67": [0.32427967796590385, 0.4481792014073086], "68": [0.1777534228649822, 0.2422531639476304], "69": [0.37801569599016294, 0.07129341961695834], "70": [0.29881940667195417, 0.939577106354243], "71": [0.5898070796995214, 0.01964799307944709], "72": [0.8774360985090489, 0.23710258098105663], "73": [0.7836384632334903, 0.8739465075070865], "74": [0.10549114563497985, 0.627728060095549], "75": [0.9053220761877285, 0.37540283896516247], "76": [0.08106094791444118, 0.09969185002841308], "77": [0.06366733283356674, 0.9824408085912468], "78": [0.6826224255042831, 0.43138248053855166], "79": [0.08484385643784853, 0.899716136475075], "80": [0.044527594319295316, 0.11509621685859872], "81": [0.0432110827669514, 0.7117315382308114], "82": [0.20978266605734108, 0.20637942816415855], "83": [0.24058995502994285, 0.09835334376452887], "84": [0.8281375224663613, 0.41747409795228707], "85": [0.9816611062961198, 0.5354677303800995], "86": [0.38091639473618233, 0.1894207229842394], "87": [0.1688110286974457, 0.2055882471947409], "88": [0.37656214165699653, 0.19768778986845326], "89": [0.06794842749250873, 0.23587618236500707], "90": [0.4067300790166538, 0.209464657236079], "91": [0.4847784776900417, 0.0782617633942776], "92": [0.9860273503704428, 0.8799685215754388], "93": [0.47474638587202933, 0.40502513205617663], "94": [0.8225212641331887, 0.4692688541766068], "95": [0.5087392639459078, 0.7889065011938291], "96": [0.4530176284371181, 0.45560238224584837], "97": [0.03797203817160366, 0.6181690778258232], "98": [0.008918408878742623, 0.5803684195078658], "99": [0.8344401287760589, 0.8830569179184095]}