{"0": [0.8593632668527316, 0.009125592623041356], "1": [0.5479290676708758, 0.3838374724617376], "2": [0.47310076293993897, 0.421635707328447], "3": [0.025502558390473773, 0.3588563369942164], "4": [0.45214957142659296, 0.7176791295233842], "5": [0.5788350532210813, 0.2886239805874822], "6": [0.6172965302724536, 0.9179123907923081], "7": [0.7261356215676457, 0.5637651031247025], "8": [0.4286617067063917, 0.4564909526310108], "9": [0.7105456574663892, 0.508393761541495], "10": [0.0361987967003371, 0.21463434640171108], "11": [0.536306052627194, 0.7073147229414873], "12": [0.8139800803324189, 0.33771647613540523], "13": [0.6927913380909064, 0.7903696786671224], "14": [0.016120883369353023, 0.9120652101375489], "15": [0.02963265682775751, 0.5761533155565325], "16": [0.6149521727771885, 0.6494458404006594], "17": [0.25018101174695573, 0.7359852357022808], "18": [0.14785183609709218, 0.3912967755366207], "19": [0.30482848677833674, 0.8730557810171009], "20": [0.8214137663221514, 0.11568304753184366], "21": [0.09825641404120622, 0.6528786219085103], "22": [0.11426756294986562, 0.1542272932661647], "23": [0.6196328664431349, 0.9684915731293919], "24": [0.32568469783066467, 0.2842342438354739], "25": [0.5392505486088934, 0.491854990721983], "26": [0.948931125619047, 0.5555114627291854], "27": [0.05631364041065079, 0.47665055669531264], "28": [0.250767573967124, 0.6948614109730643], "29": [0.26827153884835986, 0.27953396619577164], "30": [0.4853522468219368, 0.5248784258295327], "31": [0.4371614147660001, 0.33006267282660984], "32": [0.3326114110805388, 0.5658672338777516], "33": [0.266614106846493, 0.32479047875469624], "34": [0.10459030652839452, 0.19419862936001153], "35": [0.4995239326368368, 0.40526304610762576], "36": [0.5907960425185678, 0.884872329813802], "37": [0.4441573137534425, 0.07146521437708797], "38": [0.8259239250235616, 0.592953869916992], "39": [0.6230027227628482, 0.4059766740794448], "40": [0.9877636209632058, 0.9073279670779122], "41": [0.6397603985114945, 0.7913713071792139], "42": [0.3436329907885909, 0.9071408795397989], "43": [0.05490515353102399, 0.10379574964393812], "44": [0.5342427018433341, 0.3644288829042498], "45": [0.7231626933176365, 0.538448589934422], "46": [0.05748265197046154, 0.8144842427238043], "47": [0.9755632403464796, 0.6945516121797309], "48": [0.4636844570471105, 0.19109890624605674], "49": [0.45658066050170165, 0.006605587105340538], "50": [0.0907364265442584, 0.900946880257668], "51": [0.06109008037078478, 0.5466167421113415], "52": [0.1280433700967728, 0.8599140696358961], "53": [0.331543538017503, 0.6512844944247951], "54": [0.6537777548440776, 0.37163847997846455], "55": [0.08647995411606313, 0.4696160998507092], "56": [0.5793233695465939, 0.48692270356033096], "57": [0.010704928412732406, 0.9011873582548195], "58": [0.41374095446570036, 0.653302818263929], "59": [0.7605629868827262, 0.23451824399281207], "60": [0.3874712810174713, 0.7432301985083679], "61": [0.8582725922746544, 0.15342691133229658], "62": [0.36756053868484073, 0.6867915916639742], "63": [0.40211707623727677, 0.9648852105506851], "64": [0.10322090341896739, 0.1588773975292327], "65": [0.052787332552930666, 0.3215526664783013], "66": [0.5487087448391798, 0.6204394271734954], "67": [0.25707588938307513, 0.533502296377869], "68": [0.1991242811202667, 0.7730797084029423], "69": [0.6880954110454597, 0.9804660288749072], "70": [0.9498883723239663, 0.28025478617309696], "71": [0.1477615280581237, 0.9132672091992899], "72": [0.5198865136816353, 0.5670333359226616], "73": [0.6909051590717004, 0.31176767559726193], "74": [0.808209550525934, 0.8142131264543463], "75": [0.2036033281120957, 0.6328518440636542], "76": [0.859802964067326, 0.10758517800227174], "77": [0.8362590365165072, 0.2912055144420135], "78": [0.9880671428823882, 0.9367802615666615], "79": [0.3132968511591514, 0.46997922760076183], "80": [0.9341540829966586, 0.4256394659358924], "81": [0.7886263213518607, 0.11690704915228667], "82": [0.39567825634574916, 0.28840555848528715], "83": [0.3601101081535648, 0.5487272798864223], "84": [0.42892886224569693, 0.5493277920576294], "85": [0.3118531535925695, 0.1377657651244072], "86": [0.5605767308326832, 0.4461224998067679], "87": [0.1429377969389901, 0.8420420015385062], "88": [0.7215658975900486, 0.8498598069507322], "89": [0.19039421406045265, 0.8483352296247423], "90": [0.677982634373202, 0.3559672832805497], "91": [0.13460435138442028, 0.4523460075686684], "92": [0.18824021940561075, 0.2927724702044867], "93": [0.3958177627347532, 0.5681490823081757], "94": [0.5670878601852617, 0.7910021731770731], "95": [0.6330214520380507, 0.3800939675697541], "96": [0.23925779560930094, 0.37194507893727313], "97": [0.86681381431141, 0.8607323248398991], "98": [0.06120938516098773, 0.5342475909521645], "99": [0.2681316827859791, 0.6278503715875833]}