{"0": [0.27712958091250695, 0.9050427347272034], "1": [0.38078161840369895, 0.08992915727002815], "2": [0.9556141022899833, 0.63954972602106], "3": [0.29374150536396626, 0.6503151462875663], "4": [0.1254177083749879, 0.5034576697373572], "5": [0.7311708639920924, 0.8600719656320656], "6": [0.9790290293017572, 0.11272231577063829], "7": [0.6183659306984202, 0.18061684352815888], "8": [0.468377517568788, 0.6885361910543182], "9": [0.09205507599088858, 0.18684216952725785], "10": [0.5596391645010536, 0.2117336482775588], "11": [0.5933914049457802, 0.3703316796784333], "12": [0.011640609514357303, 0.23987055692437864], "13": [0.3609772975054968, 0.20013314834132068], "14": [0.20965500022969508, 0.8746963029895704], "15": [0.5805771479100624, 0.003858354366022998], "16": [0.1751745187153414, 0.4308765099468568], "17": [0.506078017995594, 0.2798528021151394], "18": [0.9618759140242895, 0.8678798593777385], "19": [0.523509470826236, 0.10010679808587575], "20": [0.7812955117472299, 0.019664452179611214], "21": [0.9085887185067264, 0.9699176948709702], "22": [0.46654813398800976, 0.5836271759254607], "23": [0.9157311754063717, 0.32293165781109257], "24": [0.2826666934828882, 0.2320865598986831], "25": [0.37855196751148856, 0.8782905131566981], "26": [0.9765203801307839, 0.44377965127366803], "27": [0.95306369545954, 0.509300648982162], "28": [0.5676732449405866, 0.08295573166337844], "29": [0.6516794662950115, 0.28211762684004504], "30": [0.001501560090351961, 0.008372832351795645], "31": [0.47994984284435527, 0.8857383571321578], "32": [0.3565043698314885, 0.535803756796697], "33": [0.3875429237247664, 0.2762033061576854], "34": [0.8409172233901614, 0.6838321021171465], "35": [0.6185885591759993, 0.5699288209862219], "36": [0.08110612293524433, 0.38556985310802316], "37": [0.26634988222496936, 0.6452176801556978], "38": [0.77895028001114, 0.5059738301709503], "39": [0.48700299335912955, 0.2651862882607601], "40": [0.850503279857088, 0.6618206236278333], "41": [0.9335305178039344, 0.2956114236661417], "42": [0.3912581448948873, 0.70975184687117], "43": [0.031145027133270275, 0.8248803369774856], "44": [0.22577601634880695, 0.03780246465920978], "45": [0.5217967856442068, 0.5534901199042704], "46": [0.18580394812773515, 0.14481748066581812], "47": [0.8777954644640414, 0.3720269301350614], "48": [0.24817996473652426, 0.8222564152627189], "49": [0.8025048218429459, 0.9454226952896448], "50": [0.7412633165072319, 0.5603948960706918], "51": [0.0855970105121443, 0.17477410524790615], "52": [0.14799807107747143, 0.5723224639268999], "53": [0.9317158885141529, 0.6391416075655165], "54": [0.5518666801454825, 0.8967445352879814], "55": [0.41595140272718145, 0.6536884181601127], "56": [0.25366116920205406, 0.12411169236114428], "57": [0.8855932206291275, 0.4946945662741207], "58": [0.716358401627319, 0.4230709412462652], "59": [0.0485150420028001, 0.21501606965479947], "60": [0.7713976820069698, 0.3229120844113802], "61": [0.6415999889294495, 0.32882505899940273], "62": [0.511183259151567, 0.8224352489729296], "63": [0.9735876934654709, 0.19922591217760943], "64": [0.5143024552313621, 0.24168732078145816], "65": [0.37367396459155, 0.3429791861535244], "66": [0.9586113251165883, 0.9046561477428191], "67": [0.24017473311926407, 0.09049568036949607], "68": [0.3351436763729486, 0.22284587464330374], "69": [0.7001242365985286, 0.1599805930006536], "70": [0.16532606921887572, 0.18664734760432933], "71": [0.3557430321346916, 0.9916219151098667], "72": [0.17251286716764325, 0.6794908964196291], "73": [0.8660100340149515, 0.4186222136486418], "74": [0.3799889079956482, 0.726547399130735], "75": [0.8987844216596003, 0.5939986082115336], "76": [0.17894872979417797, 0.5695868458917803], "77": [0.086589812002552, 0.9011417232471538], "78": [0.44675290151804914, 0.5660498412078392], "79": [0.4089357190292583, 0.00541506867271313], "80": [0.19877928113845966, 0.2093539666451678], "81": [0.4605552428712648, 0.9492217308260238], "82": [0.004195168600436894, 0.9908813617487585], "83": [0.6936386774441289, 0.2279959622855987], "84": [0.1335191048165042, 0.05760110655062378], "85": [0.9080939583100834, 0.35116173355780034], "86": [0.5713992071456462, 0.029241574271122173], "87": [0.059168715155132445, 0.22658400401200807], "88": [0.839808976664627, 0.17261617987718603], "89": [0.4618284121492302, 0.3417133956050501], "90": [0.6000060721030728, 0.8315614474523674], "91": [0.4213812419551256, 0.6799579034148477], "92": [0.8676119220192247, 0.8968689564713709], "93": [0.5420680075281362, 0.451377428326991], "94": [0.5020588810934667, 0.48196654741387535], "95": [0.33135116357939487, 0.6107618267959771], "96": [0.7143261639955392, 0.8547479644404185], "97": [0.3481041918299904, 0.39949903492934213], "98": [0.10455502068572797, 0.6190881465951399], "99": [0.7341952289441973, 0.12124672834589234]}