{"0": [0.1361786906048913, 0.004323832364378943], "1": [0.36009406422317924, 0.3524602618531747], "2": [0.4666529944956883, 0.6317949402046251], "3": [0.7874130943457495, 0.12888455844455882], "4": [0.32244327816449003, 0.3889554093231662], "5": [0.9132608006238135, 0.18985581837769672], "6": [0.6250293741567589, 0.19896790542459863], "7": [0.43982472753182034, 0.9965704081035553], "8": [0.7003180512207811, 0.2427093329011184], "9": [0.08946303345778484, 0.8374375751134896], "10": [0.6078134846033115, 0.24339919912076136], "11": [0.17898252022248484, 0.21085551265439162], "12": [0.6088119065969765, 0.8928345273614233], "13": [0.40150392104431754, 0.702901378650996], "14": [0.8299243134907414, 0.878512523365937], "15": [0.6284897801576487, 0.42955997092457476], "16": [0.7873681122758076, 0.4138731931501045], "17": [0.2852279412459563, 0.4617613163305141], "18": [0.07998687624882161, 0.32853479606373104], "19": [0.45726858806702786, 0.6798004263124966], "20": [0.06449491083575865, 0.9954213604650476], "21": [0.5415700545468511, 0.5116483340743517], "22": [0.46138636249605613, 0.0673216188825041], "23": [0.9754489132304074, 0.9304710157002202], "24": [0.12868170888043062, 0.8325447160145569], "25": [0.4926340834275602, 0.27627341368505176], "26": [0.7799195004958136, 0.06638503330733536], "27": [0.7670360222557615, 0.11420221433636046], "28": [0.0217424040025902, 0.3393496105533289], "29": [0.9294298462474698, 0.533007470178314], "30": [0.035230573164143575, 0.19962820706966933], "31": [0.11347663575249256, 0.16017241696839646], "32": [0.01470033675023441, 0.9571689295496587], "33": [0.3507812495971341, 0.3033416745169023], "34": [0.130576075632574, 0.025579627654232273], "35": [0.642196119976108, 0.08657521570936977], "36": [0.5822763889857324, 0.8305030163682554], "37": [0.18617509717767955, 0.38206686726321837], "38": [0.47340962164157907, 0.6506103544434112], "39": [0.7402795924090134, 0.892677322650179], "40": [0.6224153319147651, 0.06317495961797504], "41": [0.05614315689645111, 0.13491939250216478], "42": [0.8328889026576205, 0.9423208730016117], "43": [0.601872913489201, 0.2720976228583677], "44": [0.4948617417350749, 0.9648596317922544], "45": [0.4750583422758562, 0.17063251848825756], "46": [0.3715760672055042, 0.5061032688069517], "47": [0.3170505111345697, 0.8814915695748983], "48": [0.6201483353519524, 0.5802000558947037], "49": [0.7743352346269851, 0.7694485573806893], "50": [0.0836816425879634, 0.6455181959450133], "51": [0.8511131063779811, 0.6785551664808659], "52": [0.8810459965602162, 0.7402448210145441], "53": [0.12641688803914397, 0.1121802815808165], "54": [0.07365468071990344, 0.5902382722179382], "55": [0.5257408017598502, 0.054234484232049684], "56": [0.3160125901836326, 0.6390349597533705], "57": [0.6231558100049716, 0.6033221012641213], "58": [0.5838372009232513, 0.2952158195957828], "59": [0.14751341609865798, 0.2992937386254283], "60": [0.31044242645433284, 0.029071954283112156], "61": [0.9892210240589175, 0.4398595166318272], "62": [0.3667419986960938, 0.3999979520229011], "63": [0.5136003298064341, 0.8808225670982754], "64": [0.30357865901460024, 0.3073687904699458], "65": [0.0668628447083931, 0.08224689040191357], "66": [0.273158476609633, 0.9600119410282673], "67": [0.11554486134625852, 0.9647321044749202], "68": [0.5796276010761048, 0.7964920236090346], "69": [0.1350064363244674, 0.09778918952272408], "70": [0.3986945092359081, 0.7396551223464335], "71": [0.3496155527722521, 0.11947864064669667], "72": [0.5829455141267423, 0.04271894773738749], "73": [0.5558978514566896, 0.20168771680254283], "74": [0.294543362727575, 0.7248407441820038], "75": [0.41913571483217704, 0.09065010841888022], "76": [0.5815446115985753, 0.6705150482101354], "77": [0.9405894553501019, 0.17459326983454093], "78": [0.6263911235616547, 0.8145408567202033], "79": [0.10102662809842988, 0.4029809512387389], "80": [0.24798968023046186, 0.13036117353859844], "81": [0.45143198619431735, 0.7768815362218342], "82": [0.02924209908145392, 0.35430830085543263], "83": [0.09566593337444762, 0.02968424332059294], "84": [0.9507238533019285, 0.9603553390465427], "85": [0.957590123607516, 0.51689783325334], "86": [0.7298461341642174, 0.07860516253855931], "87": [0.6805520462793202, 0.43562848896774875], "88": [0.8394260791648482, 0.20807652200340643], "89": [0.06281640855643023, 0.7803557425892064], "90": [0.44714168966102885, 0.9660459496226101], "91": [0.6159545475844411, 0.6072280566715315], "92": [0.5986174278433912, 0.7428314623062634], "93": [0.7421234197093565, 0.5897070807871829], "94": [0.8651556463710198, 0.502277750933225], "95": [0.17860041783136338, 0.4077972269231921], "96": [0.02123468867734446, 0.2900066388403931], "97": [0.8772962832303183, 0.9137588141713773], "98": [0.31733468133094933, 0.8722282891006], "99": [0.26410869730086284, 0.8805309918365223]}